{"assets/fonts/Roboto/Roboto-Black.ttf":["assets/fonts/Roboto/Roboto-Black.ttf"],"assets/fonts/Roboto/Roboto-Bold.ttf":["assets/fonts/Roboto/Roboto-Bold.ttf"],"assets/fonts/Roboto/Roboto-Light.ttf":["assets/fonts/Roboto/Roboto-Light.ttf"],"assets/fonts/Roboto/Roboto-Medium.ttf":["assets/fonts/Roboto/Roboto-Medium.ttf"],"assets/fonts/Roboto/Roboto-Regular.ttf":["assets/fonts/Roboto/Roboto-Regular.ttf"],"assets/fonts/Roboto/Roboto-Thin.ttf":["assets/fonts/Roboto/Roboto-Thin.ttf"],"assets/images/2.0x/photlyIcon.png":["assets/images/2.0x/photlyIcon.png"],"assets/images/2.0x/photlyName.png":["assets/images/2.0x/photlyName.png"],"assets/images/2.0x/splashIcon.png":["assets/images/2.0x/splashIcon.png"],"assets/images/2.0x/weather0.png":["assets/images/2.0x/weather0.png"],"assets/images/2.0x/weather1.png":["assets/images/2.0x/weather1.png"],"assets/images/2.0x/weather2.png":["assets/images/2.0x/weather2.png"],"assets/images/2.0x/weather3.png":["assets/images/2.0x/weather3.png"],"assets/images/3.0x/photlyIcon.png":["assets/images/3.0x/photlyIcon.png"],"assets/images/3.0x/photlyName.png":["assets/images/3.0x/photlyName.png"],"assets/images/3.0x/splashIcon.png":["assets/images/3.0x/splashIcon.png"],"assets/images/3.0x/weather0.png":["assets/images/3.0x/weather0.png"],"assets/images/3.0x/weather1.png":["assets/images/3.0x/weather1.png"],"assets/images/3.0x/weather2.png":["assets/images/3.0x/weather2.png"],"assets/images/3.0x/weather3.png":["assets/images/3.0x/weather3.png"],"assets/images/4.0x/photlyIcon.png":["assets/images/4.0x/photlyIcon.png"],"assets/images/4.0x/photlyName.png":["assets/images/4.0x/photlyName.png"],"assets/images/4.0x/splashIcon.png":["assets/images/4.0x/splashIcon.png"],"assets/images/4.0x/weather0.png":["assets/images/4.0x/weather0.png"],"assets/images/4.0x/weather1.png":["assets/images/4.0x/weather1.png"],"assets/images/4.0x/weather2.png":["assets/images/4.0x/weather2.png"],"assets/images/4.0x/weather3.png":["assets/images/4.0x/weather3.png"],"assets/images/photlyIcon.png":["assets/images/photlyIcon.png","assets/images/2.0x/photlyIcon.png","assets/images/3.0x/photlyIcon.png","assets/images/4.0x/photlyIcon.png"],"assets/images/photlyName.png":["assets/images/photlyName.png","assets/images/2.0x/photlyName.png","assets/images/3.0x/photlyName.png","assets/images/4.0x/photlyName.png"],"assets/images/splashIcon.png":["assets/images/splashIcon.png","assets/images/2.0x/splashIcon.png","assets/images/3.0x/splashIcon.png","assets/images/4.0x/splashIcon.png"],"assets/images/weather0.png":["assets/images/weather0.png","assets/images/2.0x/weather0.png","assets/images/3.0x/weather0.png","assets/images/4.0x/weather0.png"],"assets/images/weather1.png":["assets/images/weather1.png","assets/images/2.0x/weather1.png","assets/images/3.0x/weather1.png","assets/images/4.0x/weather1.png"],"assets/images/weather2.png":["assets/images/weather2.png","assets/images/2.0x/weather2.png","assets/images/3.0x/weather2.png","assets/images/4.0x/weather2.png"],"assets/images/weather3.png":["assets/images/weather3.png","assets/images/2.0x/weather3.png","assets/images/3.0x/weather3.png","assets/images/4.0x/weather3.png"],"packages/cupertino_icons/assets/CupertinoIcons.ttf":["packages/cupertino_icons/assets/CupertinoIcons.ttf"]}