[{"family":"MaterialIcons","fonts":[{"asset":"fonts/MaterialIcons-Regular.otf"}]},{"family":"Roboto","fonts":[{"asset":"assets/fonts/Roboto/Roboto-Thin.ttf"},{"weight":300,"asset":"assets/fonts/Roboto/Roboto-Light.ttf"},{"weight":400,"asset":"assets/fonts/Roboto/Roboto-Regular.ttf"},{"weight":500,"asset":"assets/fonts/Roboto/Roboto-Medium.ttf"},{"weight":700,"asset":"assets/fonts/Roboto/Roboto-Bold.ttf"},{"weight":900,"asset":"assets/fonts/Roboto/Roboto-Black.ttf"}]},{"family":"packages/cupertino_icons/CupertinoIcons","fonts":[{"asset":"packages/cupertino_icons/assets/CupertinoIcons.ttf"}]}]